"","MTurkID","IPAddress","Gender"
"1","A1L1S0IAPZB4MO","104.173.49.192","Female"
"2","A1L1S0IAPZB4MO","104.173.49.192","Female"
"3","A2PXNSTBTS22EY","107.77.219.211","Male"
"4","A2PXNSTBTS22EY","107.77.219.211","Male"
"5","A107AUZRFUUR0V","174.222.3.207","Male"
"6",NA,"174.222.3.207","Male"
"7","A2H4HYDU6FFAMQ","174.234.135.95","Male"
"8","Ashley","174.234.135.95","Male"
"9","A1PYMROZ75S4FW","174.63.180.228","Female"
"10","b","174.63.180.228","Female"
"11","A11YS0T8MV3Q7C","68.103.170.223","Male"
"12",NA,"68.103.170.223","Male"
"13","A1T9XW8SNUDDY7","70.229.208.176","Male"
"14","1","70.229.208.176","Male"
"15","A9R0MKYRHWFVO","71.147.41.26","Female"
"16","3JY0Q5X05JU761ABZ1AUWG6LFZVGG3","71.147.41.26","Female"
"17","A2I8YALVTOJN49","71.89.227.78","Female"
"18","A2I8YALVTOJN49","71.89.227.78","Female"
"19","A3D9L5CQXK1YJL","72.23.110.105","Male"
"20","ACVEFRSUAPSEQ","72.23.110.105","Female"
"21","AI7AY2B234KK1","73.159.231.245","Female"
"22","AI7AY2B234KK1","73.159.231.245","Female"
"23","AI7AY2B234KK1","73.159.231.245","Female"
"24","A3PPLDHC3CG0YN","75.180.227.82","Female"
"25",NA,"75.180.227.82","Female"
"26","A3BN7XW16OPEP3","99.65.161.92","Female"
"27","A3K2L3J6XTNLBB","99.65.161.92","Female"
