StartDate,EndDate,Status,Progress,Duration (in seconds),Finished,RecordedDate,ResponseId,DistributionChannel,UserLanguage,Q_RecaptchaScore,Q_RelevantIDDuplicate,Q_RelevantIDDuplicateScore,Q_RelevantIDFraudScore,Q_RelevantIDLastStartDate,Phone/tablet,Gender,Gender_14_TEXT,Residence,Nationality,Nationality_2_TEXT,del7,task_comp_check1,task_comp_check2,task_comp_check3,Q2615,1_Q1333_First Click,1_Q1333_Last Click,1_Q1333_Page Submit,1_Q1333_Click Count,1_Q2597,1_Q2598,1_Q2599,1_Q2600,1_Q2601,1_Q2602,1_Q2603,1_Q2604,1_Q2605,1_Q2606,1_Q1292,2_Q1333_First Click,2_Q1333_Last Click,2_Q1333_Page Submit,2_Q1333_Click Count,2_Q2597,2_Q2598,2_Q2599,2_Q2600,2_Q2601,2_Q2602,2_Q2603,2_Q2604,2_Q2605,2_Q2606,2_Q1292,3_Q1333_First Click,3_Q1333_Last Click,3_Q1333_Page Submit,3_Q1333_Click Count,3_Q2597,3_Q2598,3_Q2599,3_Q2600,3_Q2601,3_Q2602,3_Q2603,3_Q2604,3_Q2605,3_Q2606,3_Q1292,4_Q1333_First Click,4_Q1333_Last Click,4_Q1333_Page Submit,4_Q1333_Click Count,4_Q2597,4_Q2598,4_Q2599,4_Q2600,4_Q2601,4_Q2602,4_Q2603,4_Q2604,4_Q2605,4_Q2606,4_Q1292,5_Q1333_First Click,5_Q1333_Last Click,5_Q1333_Page Submit,5_Q1333_Click Count,5_Q2597,5_Q2598,5_Q2599,5_Q2600,5_Q2601,5_Q2602,5_Q2603,5_Q2604,5_Q2605,5_Q2606,5_Q1292,6_Q1333_First Click,6_Q1333_Last Click,6_Q1333_Page Submit,6_Q1333_Click Count,6_Q2597,6_Q2598,6_Q2599,6_Q2600,6_Q2601,6_Q2602,6_Q2603,6_Q2604,6_Q2605,6_Q2606,6_Q1292,7_Q1333_First Click,7_Q1333_Last Click,7_Q1333_Page Submit,7_Q1333_Click Count,7_Q2597,7_Q2598,7_Q2599,7_Q2600,7_Q2601,7_Q2602,7_Q2603,7_Q2604,7_Q2605,7_Q2606,7_Q1292,8_Q1333_First Click,8_Q1333_Last Click,8_Q1333_Page Submit,8_Q1333_Click Count,8_Q2597,8_Q2598,8_Q2599,8_Q2600,8_Q2601,8_Q2602,8_Q2603,8_Q2604,8_Q2605,8_Q2606,8_Q1292,9_Q1333_First Click,9_Q1333_Last Click,9_Q1333_Page Submit,9_Q1333_Click Count,9_Q2597,9_Q2598,9_Q2599,9_Q2600,9_Q2601,9_Q2602,9_Q2603,9_Q2604,9_Q2605,9_Q2606,9_Q1292,10_Q1333_First Click,10_Q1333_Last Click,10_Q1333_Page Submit,10_Q1333_Click Count,10_Q2597,10_Q2598,10_Q2599,10_Q2600,10_Q2601,10_Q2602,10_Q2603,10_Q2604,10_Q2605,10_Q2606,10_Q1292,11_Q1333_First Click,11_Q1333_Last Click,11_Q1333_Page Submit,11_Q1333_Click Count,11_Q2597,11_Q2598,11_Q2599,11_Q2600,11_Q2601,11_Q2602,11_Q2603,11_Q2604,11_Q2605,11_Q2606,11_Q1292,12_Q1333_First Click,12_Q1333_Last Click,12_Q1333_Page Submit,12_Q1333_Click Count,12_Q2597,12_Q2598,12_Q2599,12_Q2600,12_Q2601,12_Q2602,12_Q2603,12_Q2604,12_Q2605,12_Q2606,12_Q1292,13_Q1333_First Click,13_Q1333_Last Click,13_Q1333_Page Submit,13_Q1333_Click Count,13_Q2597,13_Q2598,13_Q2599,13_Q2600,13_Q2601,13_Q2602,13_Q2603,13_Q2604,13_Q2605,13_Q2606,13_Q1292,14_Q1333_First Click,14_Q1333_Last Click,14_Q1333_Page Submit,14_Q1333_Click Count,14_Q2597,14_Q2598,14_Q2599,14_Q2600,14_Q2601,14_Q2602,14_Q2603,14_Q2604,14_Q2605,14_Q2606,14_Q1292,15_Q1333_First Click,15_Q1333_Last Click,15_Q1333_Page Submit,15_Q1333_Click Count,15_Q2597,15_Q2598,15_Q2599,15_Q2600,15_Q2601,15_Q2602,15_Q2603,15_Q2604,15_Q2605,15_Q2606,15_Q1292,16_Q1333_First Click,16_Q1333_Last Click,16_Q1333_Page Submit,16_Q1333_Click Count,16_Q2597,16_Q2598,16_Q2599,16_Q2600,16_Q2601,16_Q2602,16_Q2603,16_Q2604,16_Q2605,16_Q2606,16_Q1292,17_Q1333_First Click,17_Q1333_Last Click,17_Q1333_Page Submit,17_Q1333_Click Count,17_Q2597,17_Q2598,17_Q2599,17_Q2600,17_Q2601,17_Q2602,17_Q2603,17_Q2604,17_Q2605,17_Q2606,17_Q1292,18_Q1333_First Click,18_Q1333_Last Click,18_Q1333_Page Submit,18_Q1333_Click Count,18_Q2597,18_Q2598,18_Q2599,18_Q2600,18_Q2601,18_Q2602,18_Q2603,18_Q2604,18_Q2605,18_Q2606,18_Q1292,19_Q1333_First Click,19_Q1333_Last Click,19_Q1333_Page Submit,19_Q1333_Click Count,19_Q2597,19_Q2598,19_Q2599,19_Q2600,19_Q2601,19_Q2602,19_Q2603,19_Q2604,19_Q2605,19_Q2606,19_Q1292,20_Q1333_First Click,20_Q1333_Last Click,20_Q1333_Page Submit,20_Q1333_Click Count,20_Q2597,20_Q2598,20_Q2599,20_Q2600,20_Q2601,20_Q2602,20_Q2603,20_Q2604,20_Q2605,20_Q2606,20_Q1292,21_Q1333_First Click,21_Q1333_Last Click,21_Q1333_Page Submit,21_Q1333_Click Count,21_Q2597,21_Q2598,21_Q2599,21_Q2600,21_Q2601,21_Q2602,21_Q2603,21_Q2604,21_Q2605,21_Q2606,21_Q1292,22_Q1333_First Click,22_Q1333_Last Click,22_Q1333_Page Submit,22_Q1333_Click Count,22_Q2597,22_Q2598,22_Q2599,22_Q2600,22_Q2601,22_Q2602,22_Q2603,22_Q2604,22_Q2605,22_Q2606,22_Q1292,23_Q1333_First Click,23_Q1333_Last Click,23_Q1333_Page Submit,23_Q1333_Click Count,23_Q2597,23_Q2598,23_Q2599,23_Q2600,23_Q2601,23_Q2602,23_Q2603,23_Q2604,23_Q2605,23_Q2606,23_Q1292,24_Q1333_First Click,24_Q1333_Last Click,24_Q1333_Page Submit,24_Q1333_Click Count,24_Q2597,24_Q2598,24_Q2599,24_Q2600,24_Q2601,24_Q2602,24_Q2603,24_Q2604,24_Q2605,24_Q2606,24_Q1292,25_Q1333_First Click,25_Q1333_Last Click,25_Q1333_Page Submit,25_Q1333_Click Count,25_Q2597,25_Q2598,25_Q2599,25_Q2600,25_Q2601,25_Q2602,25_Q2603,25_Q2604,25_Q2605,25_Q2606,25_Q1292,26_Q1333_First Click,26_Q1333_Last Click,26_Q1333_Page Submit,26_Q1333_Click Count,26_Q2597,26_Q2598,26_Q2599,26_Q2600,26_Q2601,26_Q2602,26_Q2603,26_Q2604,26_Q2605,26_Q2606,26_Q1292,perc_practice_all,perc_practice_men,perc_practice_women,Q257_First Click,Q257_Last Click,Q257_Page Submit,Q257_Click Count,Q261,Q263,Q265,Q267,Q269,Q271,Q273,Q275,Q277,Q279,Q281,Q283,Q285,Q287,Q289,Q291,Q293,Q295,Q297,Q299,Q301,Q303,Q305,Q307,Q309,Q311,Q313,Q315,Q317,Q319,Q321,Q323,Q325,Q327,Q329,Q331,Q333,Q335,Q337,Q339,Q341,Q343,Q345,Q347,Q349,Q351,Q353,Q355,Q357,Q359,Q361,Q363,Q365,Q367,Q369,Q371,Q373,Q375,Q377,Q379,Q381,Q383,Q385,Q387,Q389,Q391,Q393,Q395,Q397,Q399,Q401,Q403,Q405,Q407,Q409,Q411,Q413,Q415,Q417,Q419,Q351,Q352,Q353,Q354,Q355,Q356,Q357,Q358,Q359,Q360,Q361,Q362,Q363,Q364,Q365,Q366,Q367,Q368,Q370,Q369,Q415,Q416,Q417,Q418,Q419,Q420,Q421,Q422,Q423,Q424,Q425,Q426,Q427,Q428,Q429,Q430,Q431,Q432,Q433,Q434,Q504,Q505,Q506,Q507,Q508,Q509,Q510,Q511,Q512,Q513,Q514,Q515,Q516,Q517,Q518,Q519,Q520,Q521,Q522,Q523,Q524,Q525,Q526,Q527,Q528,Q529,Q530,Q531,Q532,Q533,Q534,Q535,Q536,Q537,Q538,Q539,Q540,Q541,Q542,Q543,conf_rank,task_gender_prep,gender_perform,gender_compete_M,gender_compete_F,risk,gen_gender_prep,Age,education,unclear,SC0,EndLoop,id,workerId,assignmentId,hitId,Gender,Condition,hideButtons,taskscore
Start Date,End Date,Response Type,Progress,Duration (in seconds),Finished,Recorded Date,Response ID,Distribution Channel,User Language,Q_RecaptchaScore,Q_RelevantIDDuplicate,Q_RelevantIDDuplicateScore,Q_RelevantIDFraudScore,Q_RelevantIDLastStartDate,Are you completing this survey on a mobile device or tablet?,What is your gender? - Selected Choice,What is your gender? - I prefer to self-describe - Text,Do you live in the continental United States of America?,I am a citizen of: - Selected Choice,I am a citizen of: - Other (please specify): - Text,"As an example, if the following sequence appears on your screen:

8 x 4


You would enter ""32"" in the text box. Please press next to continue.","What would you enter if the problem ""4 x 12"" appeared on the screen, as shown below? 
 4 x 12","The correct answer to the previous question was ""48."" To proceed you must answer a comprehension question correctly. What would you enter if the problem ""2 x 1"" appeared on the screen, as shown below? 

2 x 1","The correct answer to the previous question was ""2."" To proceed you must answer a comprehension question correctly. What would you enter if the problem ""6 x 11"" appeared on the screen, as shown below?    
6 x 11","Would you like to practice problems from the multiplication times table  before you complete  the paid, timed multiplication task?",Timing - 9 X 5 - Timing - First Click,Timing - 9 X 5 - Timing - Last Click,Timing - 9 X 5 - Timing - Page Submit,Timing - 9 X 5 - Timing - Click Count,9 X 5 - What is the answer to [Field-1]?,9 X 5 - What is the answer to [Field-2]?,9 X 5 - What is the answer to [Field-3]?,9 X 5 - What is the answer to [Field-4]?,9 X 5 - What is the answer to [Field-5]?,9 X 5 - What is the answer to [Field-6]?,9 X 5 - What is the answer to [Field-7]?,9 X 5 - What is the answer to [Field-8]?,9 X 5 - What is the answer to [Field-9]?,9 X 5 - What is the answer to [Field-10]?,9 X 5 - Would you like to continue practicing multiplication problems?,Timing - 12 X 8 - Timing - First Click,Timing - 12 X 8 - Timing - Last Click,Timing - 12 X 8 - Timing - Page Submit,Timing - 12 X 8 - Timing - Click Count,12 X 8 - What is the answer to [Field-1]?,12 X 8 - What is the answer to [Field-2]?,12 X 8 - What is the answer to [Field-3]?,12 X 8 - What is the answer to [Field-4]?,12 X 8 - What is the answer to [Field-5]?,12 X 8 - What is the answer to [Field-6]?,12 X 8 - What is the answer to [Field-7]?,12 X 8 - What is the answer to [Field-8]?,12 X 8 - What is the answer to [Field-9]?,12 X 8 - What is the answer to [Field-10]?,12 X 8 - Would you like to continue practicing multiplication problems?,Timing - 7 X 6 - Timing - First Click,Timing - 7 X 6 - Timing - Last Click,Timing - 7 X 6 - Timing - Page Submit,Timing - 7 X 6 - Timing - Click Count,7 X 6 - What is the answer to [Field-1]?,7 X 6 - What is the answer to [Field-2]?,7 X 6 - What is the answer to [Field-3]?,7 X 6 - What is the answer to [Field-4]?,7 X 6 - What is the answer to [Field-5]?,7 X 6 - What is the answer to [Field-6]?,7 X 6 - What is the answer to [Field-7]?,7 X 6 - What is the answer to [Field-8]?,7 X 6 - What is the answer to [Field-9]?,7 X 6 - What is the answer to [Field-10]?,7 X 6 - Would you like to continue practicing multiplication problems?,Timing - 11 X 12 - Timing - First Click,Timing - 11 X 12 - Timing - Last Click,Timing - 11 X 12 - Timing - Page Submit,Timing - 11 X 12 - Timing - Click Count,11 X 12 - What is the answer to [Field-1]?,11 X 12 - What is the answer to [Field-2]?,11 X 12 - What is the answer to [Field-3]?,11 X 12 - What is the answer to [Field-4]?,11 X 12 - What is the answer to [Field-5]?,11 X 12 - What is the answer to [Field-6]?,11 X 12 - What is the answer to [Field-7]?,11 X 12 - What is the answer to [Field-8]?,11 X 12 - What is the answer to [Field-9]?,11 X 12 - What is the answer to [Field-10]?,11 X 12 - Would you like to continue practicing multiplication problems?,Timing - 4 X 10 - Timing - First Click,Timing - 4 X 10 - Timing - Last Click,Timing - 4 X 10 - Timing - Page Submit,Timing - 4 X 10 - Timing - Click Count,4 X 10 - What is the answer to [Field-1]?,4 X 10 - What is the answer to [Field-2]?,4 X 10 - What is the answer to [Field-3]?,4 X 10 - What is the answer to [Field-4]?,4 X 10 - What is the answer to [Field-5]?,4 X 10 - What is the answer to [Field-6]?,4 X 10 - What is the answer to [Field-7]?,4 X 10 - What is the answer to [Field-8]?,4 X 10 - What is the answer to [Field-9]?,4 X 10 - What is the answer to [Field-10]?,4 X 10 - Would you like to continue practicing multiplication problems?,Timing - 5 X 7 - Timing - First Click,Timing - 5 X 7 - Timing - Last Click,Timing - 5 X 7 - Timing - Page Submit,Timing - 5 X 7 - Timing - Click Count,5 X 7 - What is the answer to [Field-1]?,5 X 7 - What is the answer to [Field-2]?,5 X 7 - What is the answer to [Field-3]?,5 X 7 - What is the answer to [Field-4]?,5 X 7 - What is the answer to [Field-5]?,5 X 7 - What is the answer to [Field-6]?,5 X 7 - What is the answer to [Field-7]?,5 X 7 - What is the answer to [Field-8]?,5 X 7 - What is the answer to [Field-9]?,5 X 7 - What is the answer to [Field-10]?,5 X 7 - Would you like to continue practicing multiplication problems?,Timing - 10 X 7 - Timing - First Click,Timing - 10 X 7 - Timing - Last Click,Timing - 10 X 7 - Timing - Page Submit,Timing - 10 X 7 - Timing - Click Count,10 X 7 - What is the answer to [Field-1]?,10 X 7 - What is the answer to [Field-2]?,10 X 7 - What is the answer to [Field-3]?,10 X 7 - What is the answer to [Field-4]?,10 X 7 - What is the answer to [Field-5]?,10 X 7 - What is the answer to [Field-6]?,10 X 7 - What is the answer to [Field-7]?,10 X 7 - What is the answer to [Field-8]?,10 X 7 - What is the answer to [Field-9]?,10 X 7 - What is the answer to [Field-10]?,10 X 7 - Would you like to continue practicing multiplication problems?,Timing - 7 X 3 - Timing - First Click,Timing - 7 X 3 - Timing - Last Click,Timing - 7 X 3 - Timing - Page Submit,Timing - 7 X 3 - Timing - Click Count,7 X 3 - What is the answer to [Field-1]?,7 X 3 - What is the answer to [Field-2]?,7 X 3 - What is the answer to [Field-3]?,7 X 3 - What is the answer to [Field-4]?,7 X 3 - What is the answer to [Field-5]?,7 X 3 - What is the answer to [Field-6]?,7 X 3 - What is the answer to [Field-7]?,7 X 3 - What is the answer to [Field-8]?,7 X 3 - What is the answer to [Field-9]?,7 X 3 - What is the answer to [Field-10]?,7 X 3 - Would you like to continue practicing multiplication problems?,Timing - 12 X 5 - Timing - First Click,Timing - 12 X 5 - Timing - Last Click,Timing - 12 X 5 - Timing - Page Submit,Timing - 12 X 5 - Timing - Click Count,12 X 5 - What is the answer to [Field-1]?,12 X 5 - What is the answer to [Field-2]?,12 X 5 - What is the answer to [Field-3]?,12 X 5 - What is the answer to [Field-4]?,12 X 5 - What is the answer to [Field-5]?,12 X 5 - What is the answer to [Field-6]?,12 X 5 - What is the answer to [Field-7]?,12 X 5 - What is the answer to [Field-8]?,12 X 5 - What is the answer to [Field-9]?,12 X 5 - What is the answer to [Field-10]?,12 X 5 - Would you like to continue practicing multiplication problems?,Timing - 3 X 10 - Timing - First Click,Timing - 3 X 10 - Timing - Last Click,Timing - 3 X 10 - Timing - Page Submit,Timing - 3 X 10 - Timing - Click Count,3 X 10 - What is the answer to [Field-1]?,3 X 10 - What is the answer to [Field-2]?,3 X 10 - What is the answer to [Field-3]?,3 X 10 - What is the answer to [Field-4]?,3 X 10 - What is the answer to [Field-5]?,3 X 10 - What is the answer to [Field-6]?,3 X 10 - What is the answer to [Field-7]?,3 X 10 - What is the answer to [Field-8]?,3 X 10 - What is the answer to [Field-9]?,3 X 10 - What is the answer to [Field-10]?,3 X 10 - Would you like to continue practicing multiplication problems?,Timing - 9 X 1 - Timing - First Click,Timing - 9 X 1 - Timing - Last Click,Timing - 9 X 1 - Timing - Page Submit,Timing - 9 X 1 - Timing - Click Count,9 X 1 - What is the answer to [Field-1]?,9 X 1 - What is the answer to [Field-2]?,9 X 1 - What is the answer to [Field-3]?,9 X 1 - What is the answer to [Field-4]?,9 X 1 - What is the answer to [Field-5]?,9 X 1 - What is the answer to [Field-6]?,9 X 1 - What is the answer to [Field-7]?,9 X 1 - What is the answer to [Field-8]?,9 X 1 - What is the answer to [Field-9]?,9 X 1 - What is the answer to [Field-10]?,9 X 1 - Would you like to continue practicing multiplication problems?,Timing - 9 X 10 - Timing - First Click,Timing - 9 X 10 - Timing - Last Click,Timing - 9 X 10 - Timing - Page Submit,Timing - 9 X 10 - Timing - Click Count,9 X 10 - What is the answer to [Field-1]?,9 X 10 - What is the answer to [Field-2]?,9 X 10 - What is the answer to [Field-3]?,9 X 10 - What is the answer to [Field-4]?,9 X 10 - What is the answer to [Field-5]?,9 X 10 - What is the answer to [Field-6]?,9 X 10 - What is the answer to [Field-7]?,9 X 10 - What is the answer to [Field-8]?,9 X 10 - What is the answer to [Field-9]?,9 X 10 - What is the answer to [Field-10]?,9 X 10 - Would you like to continue practicing multiplication problems?,Timing - 10 X 1 - Timing - First Click,Timing - 10 X 1 - Timing - Last Click,Timing - 10 X 1 - Timing - Page Submit,Timing - 10 X 1 - Timing - Click Count,10 X 1 - What is the answer to [Field-1]?,10 X 1 - What is the answer to [Field-2]?,10 X 1 - What is the answer to [Field-3]?,10 X 1 - What is the answer to [Field-4]?,10 X 1 - What is the answer to [Field-5]?,10 X 1 - What is the answer to [Field-6]?,10 X 1 - What is the answer to [Field-7]?,10 X 1 - What is the answer to [Field-8]?,10 X 1 - What is the answer to [Field-9]?,10 X 1 - What is the answer to [Field-10]?,10 X 1 - Would you like to continue practicing multiplication problems?,Timing - 7 X 3 - Timing - First Click,Timing - 7 X 3 - Timing - Last Click,Timing - 7 X 3 - Timing - Page Submit,Timing - 7 X 3 - Timing - Click Count,7 X 3 - What is the answer to [Field-1]?,7 X 3 - What is the answer to [Field-2]?,7 X 3 - What is the answer to [Field-3]?,7 X 3 - What is the answer to [Field-4]?,7 X 3 - What is the answer to [Field-5]?,7 X 3 - What is the answer to [Field-6]?,7 X 3 - What is the answer to [Field-7]?,7 X 3 - What is the answer to [Field-8]?,7 X 3 - What is the answer to [Field-9]?,7 X 3 - What is the answer to [Field-10]?,7 X 3 - Would you like to continue practicing multiplication problems?,Timing - 5 X 1 - Timing - First Click,Timing - 5 X 1 - Timing - Last Click,Timing - 5 X 1 - Timing - Page Submit,Timing - 5 X 1 - Timing - Click Count,5 X 1 - What is the answer to [Field-1]?,5 X 1 - What is the answer to [Field-2]?,5 X 1 - What is the answer to [Field-3]?,5 X 1 - What is the answer to [Field-4]?,5 X 1 - What is the answer to [Field-5]?,5 X 1 - What is the answer to [Field-6]?,5 X 1 - What is the answer to [Field-7]?,5 X 1 - What is the answer to [Field-8]?,5 X 1 - What is the answer to [Field-9]?,5 X 1 - What is the answer to [Field-10]?,5 X 1 - Would you like to continue practicing multiplication problems?,Timing - 9 X 12 - Timing - First Click,Timing - 9 X 12 - Timing - Last Click,Timing - 9 X 12 - Timing - Page Submit,Timing - 9 X 12 - Timing - Click Count,9 X 12 - What is the answer to [Field-1]?,9 X 12 - What is the answer to [Field-2]?,9 X 12 - What is the answer to [Field-3]?,9 X 12 - What is the answer to [Field-4]?,9 X 12 - What is the answer to [Field-5]?,9 X 12 - What is the answer to [Field-6]?,9 X 12 - What is the answer to [Field-7]?,9 X 12 - What is the answer to [Field-8]?,9 X 12 - What is the answer to [Field-9]?,9 X 12 - What is the answer to [Field-10]?,9 X 12 - Would you like to continue practicing multiplication problems?,Timing - 10 X 11 - Timing - First Click,Timing - 10 X 11 - Timing - Last Click,Timing - 10 X 11 - Timing - Page Submit,Timing - 10 X 11 - Timing - Click Count,10 X 11 - What is the answer to [Field-1]?,10 X 11 - What is the answer to [Field-2]?,10 X 11 - What is the answer to [Field-3]?,10 X 11 - What is the answer to [Field-4]?,10 X 11 - What is the answer to [Field-5]?,10 X 11 - What is the answer to [Field-6]?,10 X 11 - What is the answer to [Field-7]?,10 X 11 - What is the answer to [Field-8]?,10 X 11 - What is the answer to [Field-9]?,10 X 11 - What is the answer to [Field-10]?,10 X 11 - Would you like to continue practicing multiplication problems?,Timing - 4 X 1 - Timing - First Click,Timing - 4 X 1 - Timing - Last Click,Timing - 4 X 1 - Timing - Page Submit,Timing - 4 X 1 - Timing - Click Count,4 X 1 - What is the answer to [Field-1]?,4 X 1 - What is the answer to [Field-2]?,4 X 1 - What is the answer to [Field-3]?,4 X 1 - What is the answer to [Field-4]?,4 X 1 - What is the answer to [Field-5]?,4 X 1 - What is the answer to [Field-6]?,4 X 1 - What is the answer to [Field-7]?,4 X 1 - What is the answer to [Field-8]?,4 X 1 - What is the answer to [Field-9]?,4 X 1 - What is the answer to [Field-10]?,4 X 1 - Would you like to continue practicing multiplication problems?,Timing - 11 X 3 - Timing - First Click,Timing - 11 X 3 - Timing - Last Click,Timing - 11 X 3 - Timing - Page Submit,Timing - 11 X 3 - Timing - Click Count,11 X 3 - What is the answer to [Field-1]?,11 X 3 - What is the answer to [Field-2]?,11 X 3 - What is the answer to [Field-3]?,11 X 3 - What is the answer to [Field-4]?,11 X 3 - What is the answer to [Field-5]?,11 X 3 - What is the answer to [Field-6]?,11 X 3 - What is the answer to [Field-7]?,11 X 3 - What is the answer to [Field-8]?,11 X 3 - What is the answer to [Field-9]?,11 X 3 - What is the answer to [Field-10]?,11 X 3 - Would you like to continue practicing multiplication problems?,Timing - 10 X 5 - Timing - First Click,Timing - 10 X 5 - Timing - Last Click,Timing - 10 X 5 - Timing - Page Submit,Timing - 10 X 5 - Timing - Click Count,10 X 5 - What is the answer to [Field-1]?,10 X 5 - What is the answer to [Field-2]?,10 X 5 - What is the answer to [Field-3]?,10 X 5 - What is the answer to [Field-4]?,10 X 5 - What is the answer to [Field-5]?,10 X 5 - What is the answer to [Field-6]?,10 X 5 - What is the answer to [Field-7]?,10 X 5 - What is the answer to [Field-8]?,10 X 5 - What is the answer to [Field-9]?,10 X 5 - What is the answer to [Field-10]?,10 X 5 - Would you like to continue practicing multiplication problems?,Timing - 11 X 8 - Timing - First Click,Timing - 11 X 8 - Timing - Last Click,Timing - 11 X 8 - Timing - Page Submit,Timing - 11 X 8 - Timing - Click Count,11 X 8 - What is the answer to [Field-1]?,11 X 8 - What is the answer to [Field-2]?,11 X 8 - What is the answer to [Field-3]?,11 X 8 - What is the answer to [Field-4]?,11 X 8 - What is the answer to [Field-5]?,11 X 8 - What is the answer to [Field-6]?,11 X 8 - What is the answer to [Field-7]?,11 X 8 - What is the answer to [Field-8]?,11 X 8 - What is the answer to [Field-9]?,11 X 8 - What is the answer to [Field-10]?,11 X 8 - Would you like to continue practicing multiplication problems?,Timing - 3 X 10 - Timing - First Click,Timing - 3 X 10 - Timing - Last Click,Timing - 3 X 10 - Timing - Page Submit,Timing - 3 X 10 - Timing - Click Count,3 X 10 - What is the answer to [Field-1]?,3 X 10 - What is the answer to [Field-2]?,3 X 10 - What is the answer to [Field-3]?,3 X 10 - What is the answer to [Field-4]?,3 X 10 - What is the answer to [Field-5]?,3 X 10 - What is the answer to [Field-6]?,3 X 10 - What is the answer to [Field-7]?,3 X 10 - What is the answer to [Field-8]?,3 X 10 - What is the answer to [Field-9]?,3 X 10 - What is the answer to [Field-10]?,3 X 10 - Would you like to continue practicing multiplication problems?,Timing - 9 X 4 - Timing - First Click,Timing - 9 X 4 - Timing - Last Click,Timing - 9 X 4 - Timing - Page Submit,Timing - 9 X 4 - Timing - Click Count,9 X 4 - What is the answer to [Field-1]?,9 X 4 - What is the answer to [Field-2]?,9 X 4 - What is the answer to [Field-3]?,9 X 4 - What is the answer to [Field-4]?,9 X 4 - What is the answer to [Field-5]?,9 X 4 - What is the answer to [Field-6]?,9 X 4 - What is the answer to [Field-7]?,9 X 4 - What is the answer to [Field-8]?,9 X 4 - What is the answer to [Field-9]?,9 X 4 - What is the answer to [Field-10]?,9 X 4 - Would you like to continue practicing multiplication problems?,Timing - 2 X 8 - Timing - First Click,Timing - 2 X 8 - Timing - Last Click,Timing - 2 X 8 - Timing - Page Submit,Timing - 2 X 8 - Timing - Click Count,2 X 8 - What is the answer to [Field-1]?,2 X 8 - What is the answer to [Field-2]?,2 X 8 - What is the answer to [Field-3]?,2 X 8 - What is the answer to [Field-4]?,2 X 8 - What is the answer to [Field-5]?,2 X 8 - What is the answer to [Field-6]?,2 X 8 - What is the answer to [Field-7]?,2 X 8 - What is the answer to [Field-8]?,2 X 8 - What is the answer to [Field-9]?,2 X 8 - What is the answer to [Field-10]?,2 X 8 - Would you like to continue practicing multiplication problems?,Timing - 6 X 4 - Timing - First Click,Timing - 6 X 4 - Timing - Last Click,Timing - 6 X 4 - Timing - Page Submit,Timing - 6 X 4 - Timing - Click Count,6 X 4 - What is the answer to [Field-1]?,6 X 4 - What is the answer to [Field-2]?,6 X 4 - What is the answer to [Field-3]?,6 X 4 - What is the answer to [Field-4]?,6 X 4 - What is the answer to [Field-5]?,6 X 4 - What is the answer to [Field-6]?,6 X 4 - What is the answer to [Field-7]?,6 X 4 - What is the answer to [Field-8]?,6 X 4 - What is the answer to [Field-9]?,6 X 4 - What is the answer to [Field-10]?,6 X 4 - Would you like to continue practicing multiplication problems?,Timing - 4 X 4 - Timing - First Click,Timing - 4 X 4 - Timing - Last Click,Timing - 4 X 4 - Timing - Page Submit,Timing - 4 X 4 - Timing - Click Count,4 X 4 - What is the answer to [Field-1]?,4 X 4 - What is the answer to [Field-2]?,4 X 4 - What is the answer to [Field-3]?,4 X 4 - What is the answer to [Field-4]?,4 X 4 - What is the answer to [Field-5]?,4 X 4 - What is the answer to [Field-6]?,4 X 4 - What is the answer to [Field-7]?,4 X 4 - What is the answer to [Field-8]?,4 X 4 - What is the answer to [Field-9]?,4 X 4 - What is the answer to [Field-10]?,4 X 4 - Would you like to continue practicing multiplication problems?,"If the number of practice problems I completed is compared to the number of practice problems all other participants completed, I think I would have practiced...","If the number of practice problems I completed is compared to the number of practice problems all men in the study completed, I think I would have practiced...","If the number of practice problems I completed is compared to the number of practice problems all women in the study completed, I think I would have practiced...",Timing - First Click,Timing - Last Click,Timing - Page Submit,Timing - Click Count,10 x 8,Please enter your answers to the addition problems below as quickly as you can. 10 + 8,1 x 10,3 x 3,1 x 9,1 x 4,12 x 6,3 x 3,3 x 12,4 x 5,11 x 6,9 x 2,10 x 3,11 x 5,10 x 9,7 x 2,6 x 5,6 x 2,8 x 4,2 x 6,6 x 8,3 x 4,1 x 7,5 x 11,3 x 5,5 x 9,11 x 2,5 x 4,3 x 2,6 x 1,11 x 8,3 x 11,2 x 11,7 x 11,7 x 2,12 x 8,11 x 8,1 x 7,2 x 7,7 x 6,1 x 10,6 x 11,1 x 1,11 x 3,3 x 2,8 x 5,7 x 5,8 x 4,2 x 12,6 x 7,4 x 3,2 x 11,4 x 7,1 x 9,3 x 2,8 x 9,1 x 7,6 x 4,4 x 11,11 x 9,11 x 1,1 x 1,11 x 7,1 x 9,1 x 4,12 x 9,8 x 1,5 x 3,3 x 3,6 x 5,9 x 12,10 x 6,6 x 8,3 x 10,6 x 8,11 x 3,8 x 4,3 x 12,9 x 2,2 x 5,3 x 10,2 x 7,6 x 5,11 x 1,5 x 10,8 x 12,2 x 4,1 x 3,10 x 10,7 x 12,11 x 9,5 x 12,10 x 10,11 x 9,2 x 8,10 x 1,10 x 11,10 x 8,11 x 2,6 x 7,12 x 6,11 x 12,10 x 11,8 x 2,7 x 5,12 x 8,10 x 5,2 x 3,6 x 1,8 x 6,12 x 4,8 x 1,11 x 1,8 x 8,6 x 4,1 x 5,2 x 2,2 x 2,5 x 12,3 x 12,6 x 7,3 x 2,12 x 12,3 x 6,2 x 7,12 x 5,10 x 12,7 x 6,11 x 1,7 x 11,3 x 7,2 x 5,2 x 8,7 x 9,8 x 5,3 x 9,10 x 11,11 x 3,2 x 12,2 x 12,4 x 10,6 x 1,11 x 9,5 x 9,4 x 7,6 x 5,1 x 5,4 x 6,2 x 3,1 x 12,7 x 7,1 x 11,2 x 5,7 x 12,11 x 4,8 x 8,4 x 8,11 x 12,6 x 6,4 x 10,"Your task score was [Field-taskscore]. If my performance is compared to that of all participants that completed the task, I think my score will be...",Do you think men or women in this study were more likely to choose to practice/study before completing the multiplication task?,Do you think men or women in this study correctly solved more multiplication problems on average?,"If given the opportunity to choose between the two payment schemes (Piece Rate or Tournament), do you think men in this study would choose the piece rate or the tournament payment scheme more often?","If given the opportunity to choose between the two payment schemes (Piece Rate or Tournament), do you think women in this study would choose the piece rate or the tournament payment scheme more often?",How do you see yourself: Are you generally a person who is fully prepared to take risks or do you try to avoid taking risks?,"On most tasks, do you think men or women generally prepare (i.e., practice and/or study) more?",What is your age (in years)?,"What is the highest degree or level of school you have completed? If currently enrolled, indicate highest degree completed.","We value hearing from the communities we research and we take concerns from participants very seriously, please let us know if there was anything on this survey you would like to provide feedback on.",Score,EndLoop,id,workerId,assignmentId,hitId,Gender,Condition,hideButtons,taskscore
"{""ImportId"":""startDate"",""timeZone"":""America/Denver""}","{""ImportId"":""endDate"",""timeZone"":""America/Denver""}","{""ImportId"":""status""}","{""ImportId"":""progress""}","{""ImportId"":""duration""}","{""ImportId"":""finished""}","{""ImportId"":""recordedDate"",""timeZone"":""America/Denver""}","{""ImportId"":""_recordId""}","{""ImportId"":""distributionChannel""}","{""ImportId"":""userLanguage""}","{""ImportId"":""Q_RecaptchaScore""}","{""ImportId"":""Q_RelevantIDDuplicate""}","{""ImportId"":""Q_RelevantIDDuplicateScore""}","{""ImportId"":""Q_RelevantIDFraudScore""}","{""ImportId"":""Q_RelevantIDLastStartDate"",""timeZone"":""UTC""}","{""ImportId"":""QID173""}","{""ImportId"":""QID15""}","{""ImportId"":""QID15_14_TEXT""}","{""ImportId"":""QID16""}","{""ImportId"":""QID381""}","{""ImportId"":""QID381_2_TEXT""}","{""ImportId"":""QID264_TEXT""}","{""ImportId"":""QID174_TEXT""}","{""ImportId"":""QID189_TEXT""}","{""ImportId"":""QID190_TEXT""}","{""ImportId"":""QID2615""}","{""ImportId"":""1_QID2650_FIRST_CLICK""}","{""ImportId"":""1_QID2650_LAST_CLICK""}","{""ImportId"":""1_QID2650_PAGE_SUBMIT""}","{""ImportId"":""1_QID2650_CLICK_COUNT""}","{""ImportId"":""1_QID2597_TEXT""}","{""ImportId"":""1_QID2598_TEXT""}","{""ImportId"":""1_QID2599_TEXT""}","{""ImportId"":""1_QID2600_TEXT""}","{""ImportId"":""1_QID2601_TEXT""}","{""ImportId"":""1_QID2602_TEXT""}","{""ImportId"":""1_QID2603_TEXT""}","{""ImportId"":""1_QID2604_TEXT""}","{""ImportId"":""1_QID2605_TEXT""}","{""ImportId"":""1_QID2606_TEXT""}","{""ImportId"":""1_QID2609""}","{""ImportId"":""2_QID2650_FIRST_CLICK""}","{""ImportId"":""2_QID2650_LAST_CLICK""}","{""ImportId"":""2_QID2650_PAGE_SUBMIT""}","{""ImportId"":""2_QID2650_CLICK_COUNT""}","{""ImportId"":""2_QID2597_TEXT""}","{""ImportId"":""2_QID2598_TEXT""}","{""ImportId"":""2_QID2599_TEXT""}","{""ImportId"":""2_QID2600_TEXT""}","{""ImportId"":""2_QID2601_TEXT""}","{""ImportId"":""2_QID2602_TEXT""}","{""ImportId"":""2_QID2603_TEXT""}","{""ImportId"":""2_QID2604_TEXT""}","{""ImportId"":""2_QID2605_TEXT""}","{""ImportId"":""2_QID2606_TEXT""}","{""ImportId"":""2_QID2609""}","{""ImportId"":""3_QID2650_FIRST_CLICK""}","{""ImportId"":""3_QID2650_LAST_CLICK""}","{""ImportId"":""3_QID2650_PAGE_SUBMIT""}","{""ImportId"":""3_QID2650_CLICK_COUNT""}","{""ImportId"":""3_QID2597_TEXT""}","{""ImportId"":""3_QID2598_TEXT""}","{""ImportId"":""3_QID2599_TEXT""}","{""ImportId"":""3_QID2600_TEXT""}","{""ImportId"":""3_QID2601_TEXT""}","{""ImportId"":""3_QID2602_TEXT""}","{""ImportId"":""3_QID2603_TEXT""}","{""ImportId"":""3_QID2604_TEXT""}","{""ImportId"":""3_QID2605_TEXT""}","{""ImportId"":""3_QID2606_TEXT""}","{""ImportId"":""3_QID2609""}","{""ImportId"":""4_QID2650_FIRST_CLICK""}","{""ImportId"":""4_QID2650_LAST_CLICK""}","{""ImportId"":""4_QID2650_PAGE_SUBMIT""}","{""ImportId"":""4_QID2650_CLICK_COUNT""}","{""ImportId"":""4_QID2597_TEXT""}","{""ImportId"":""4_QID2598_TEXT""}","{""ImportId"":""4_QID2599_TEXT""}","{""ImportId"":""4_QID2600_TEXT""}","{""ImportId"":""4_QID2601_TEXT""}","{""ImportId"":""4_QID2602_TEXT""}","{""ImportId"":""4_QID2603_TEXT""}","{""ImportId"":""4_QID2604_TEXT""}","{""ImportId"":""4_QID2605_TEXT""}","{""ImportId"":""4_QID2606_TEXT""}","{""ImportId"":""4_QID2609""}","{""ImportId"":""5_QID2650_FIRST_CLICK""}","{""ImportId"":""5_QID2650_LAST_CLICK""}","{""ImportId"":""5_QID2650_PAGE_SUBMIT""}","{""ImportId"":""5_QID2650_CLICK_COUNT""}","{""ImportId"":""5_QID2597_TEXT""}","{""ImportId"":""5_QID2598_TEXT""}","{""ImportId"":""5_QID2599_TEXT""}","{""ImportId"":""5_QID2600_TEXT""}","{""ImportId"":""5_QID2601_TEXT""}","{""ImportId"":""5_QID2602_TEXT""}","{""ImportId"":""5_QID2603_TEXT""}","{""ImportId"":""5_QID2604_TEXT""}","{""ImportId"":""5_QID2605_TEXT""}","{""ImportId"":""5_QID2606_TEXT""}","{""ImportId"":""5_QID2609""}","{""ImportId"":""6_QID2650_FIRST_CLICK""}","{""ImportId"":""6_QID2650_LAST_CLICK""}","{""ImportId"":""6_QID2650_PAGE_SUBMIT""}","{""ImportId"":""6_QID2650_CLICK_COUNT""}","{""ImportId"":""6_QID2597_TEXT""}","{""ImportId"":""6_QID2598_TEXT""}","{""ImportId"":""6_QID2599_TEXT""}","{""ImportId"":""6_QID2600_TEXT""}","{""ImportId"":""6_QID2601_TEXT""}","{""ImportId"":""6_QID2602_TEXT""}","{""ImportId"":""6_QID2603_TEXT""}","{""ImportId"":""6_QID2604_TEXT""}","{""ImportId"":""6_QID2605_TEXT""}","{""ImportId"":""6_QID2606_TEXT""}","{""ImportId"":""6_QID2609""}","{""ImportId"":""7_QID2650_FIRST_CLICK""}","{""ImportId"":""7_QID2650_LAST_CLICK""}","{""ImportId"":""7_QID2650_PAGE_SUBMIT""}","{""ImportId"":""7_QID2650_CLICK_COUNT""}","{""ImportId"":""7_QID2597_TEXT""}","{""ImportId"":""7_QID2598_TEXT""}","{""ImportId"":""7_QID2599_TEXT""}","{""ImportId"":""7_QID2600_TEXT""}","{""ImportId"":""7_QID2601_TEXT""}","{""ImportId"":""7_QID2602_TEXT""}","{""ImportId"":""7_QID2603_TEXT""}","{""ImportId"":""7_QID2604_TEXT""}","{""ImportId"":""7_QID2605_TEXT""}","{""ImportId"":""7_QID2606_TEXT""}","{""ImportId"":""7_QID2609""}","{""ImportId"":""8_QID2650_FIRST_CLICK""}","{""ImportId"":""8_QID2650_LAST_CLICK""}","{""ImportId"":""8_QID2650_PAGE_SUBMIT""}","{""ImportId"":""8_QID2650_CLICK_COUNT""}","{""ImportId"":""8_QID2597_TEXT""}","{""ImportId"":""8_QID2598_TEXT""}","{""ImportId"":""8_QID2599_TEXT""}","{""ImportId"":""8_QID2600_TEXT""}","{""ImportId"":""8_QID2601_TEXT""}","{""ImportId"":""8_QID2602_TEXT""}","{""ImportId"":""8_QID2603_TEXT""}","{""ImportId"":""8_QID2604_TEXT""}","{""ImportId"":""8_QID2605_TEXT""}","{""ImportId"":""8_QID2606_TEXT""}","{""ImportId"":""8_QID2609""}","{""ImportId"":""9_QID2650_FIRST_CLICK""}","{""ImportId"":""9_QID2650_LAST_CLICK""}","{""ImportId"":""9_QID2650_PAGE_SUBMIT""}","{""ImportId"":""9_QID2650_CLICK_COUNT""}","{""ImportId"":""9_QID2597_TEXT""}","{""ImportId"":""9_QID2598_TEXT""}","{""ImportId"":""9_QID2599_TEXT""}","{""ImportId"":""9_QID2600_TEXT""}","{""ImportId"":""9_QID2601_TEXT""}","{""ImportId"":""9_QID2602_TEXT""}","{""ImportId"":""9_QID2603_TEXT""}","{""ImportId"":""9_QID2604_TEXT""}","{""ImportId"":""9_QID2605_TEXT""}","{""ImportId"":""9_QID2606_TEXT""}","{""ImportId"":""9_QID2609""}","{""ImportId"":""10_QID2650_FIRST_CLICK""}","{""ImportId"":""10_QID2650_LAST_CLICK""}","{""ImportId"":""10_QID2650_PAGE_SUBMIT""}","{""ImportId"":""10_QID2650_CLICK_COUNT""}","{""ImportId"":""10_QID2597_TEXT""}","{""ImportId"":""10_QID2598_TEXT""}","{""ImportId"":""10_QID2599_TEXT""}","{""ImportId"":""10_QID2600_TEXT""}","{""ImportId"":""10_QID2601_TEXT""}","{""ImportId"":""10_QID2602_TEXT""}","{""ImportId"":""10_QID2603_TEXT""}","{""ImportId"":""10_QID2604_TEXT""}","{""ImportId"":""10_QID2605_TEXT""}","{""ImportId"":""10_QID2606_TEXT""}","{""ImportId"":""10_QID2609""}","{""ImportId"":""11_QID2650_FIRST_CLICK""}","{""ImportId"":""11_QID2650_LAST_CLICK""}","{""ImportId"":""11_QID2650_PAGE_SUBMIT""}","{""ImportId"":""11_QID2650_CLICK_COUNT""}","{""ImportId"":""11_QID2597_TEXT""}","{""ImportId"":""11_QID2598_TEXT""}","{""ImportId"":""11_QID2599_TEXT""}","{""ImportId"":""11_QID2600_TEXT""}","{""ImportId"":""11_QID2601_TEXT""}","{""ImportId"":""11_QID2602_TEXT""}","{""ImportId"":""11_QID2603_TEXT""}","{""ImportId"":""11_QID2604_TEXT""}","{""ImportId"":""11_QID2605_TEXT""}","{""ImportId"":""11_QID2606_TEXT""}","{""ImportId"":""11_QID2609""}","{""ImportId"":""12_QID2650_FIRST_CLICK""}","{""ImportId"":""12_QID2650_LAST_CLICK""}","{""ImportId"":""12_QID2650_PAGE_SUBMIT""}","{""ImportId"":""12_QID2650_CLICK_COUNT""}","{""ImportId"":""12_QID2597_TEXT""}","{""ImportId"":""12_QID2598_TEXT""}","{""ImportId"":""12_QID2599_TEXT""}","{""ImportId"":""12_QID2600_TEXT""}","{""ImportId"":""12_QID2601_TEXT""}","{""ImportId"":""12_QID2602_TEXT""}","{""ImportId"":""12_QID2603_TEXT""}","{""ImportId"":""12_QID2604_TEXT""}","{""ImportId"":""12_QID2605_TEXT""}","{""ImportId"":""12_QID2606_TEXT""}","{""ImportId"":""12_QID2609""}","{""ImportId"":""13_QID2650_FIRST_CLICK""}","{""ImportId"":""13_QID2650_LAST_CLICK""}","{""ImportId"":""13_QID2650_PAGE_SUBMIT""}","{""ImportId"":""13_QID2650_CLICK_COUNT""}","{""ImportId"":""13_QID2597_TEXT""}","{""ImportId"":""13_QID2598_TEXT""}","{""ImportId"":""13_QID2599_TEXT""}","{""ImportId"":""13_QID2600_TEXT""}","{""ImportId"":""13_QID2601_TEXT""}","{""ImportId"":""13_QID2602_TEXT""}","{""ImportId"":""13_QID2603_TEXT""}","{""ImportId"":""13_QID2604_TEXT""}","{""ImportId"":""13_QID2605_TEXT""}","{""ImportId"":""13_QID2606_TEXT""}","{""ImportId"":""13_QID2609""}","{""ImportId"":""14_QID2650_FIRST_CLICK""}","{""ImportId"":""14_QID2650_LAST_CLICK""}","{""ImportId"":""14_QID2650_PAGE_SUBMIT""}","{""ImportId"":""14_QID2650_CLICK_COUNT""}","{""ImportId"":""14_QID2597_TEXT""}","{""ImportId"":""14_QID2598_TEXT""}","{""ImportId"":""14_QID2599_TEXT""}","{""ImportId"":""14_QID2600_TEXT""}","{""ImportId"":""14_QID2601_TEXT""}","{""ImportId"":""14_QID2602_TEXT""}","{""ImportId"":""14_QID2603_TEXT""}","{""ImportId"":""14_QID2604_TEXT""}","{""ImportId"":""14_QID2605_TEXT""}","{""ImportId"":""14_QID2606_TEXT""}","{""ImportId"":""14_QID2609""}","{""ImportId"":""15_QID2650_FIRST_CLICK""}","{""ImportId"":""15_QID2650_LAST_CLICK""}","{""ImportId"":""15_QID2650_PAGE_SUBMIT""}","{""ImportId"":""15_QID2650_CLICK_COUNT""}","{""ImportId"":""15_QID2597_TEXT""}","{""ImportId"":""15_QID2598_TEXT""}","{""ImportId"":""15_QID2599_TEXT""}","{""ImportId"":""15_QID2600_TEXT""}","{""ImportId"":""15_QID2601_TEXT""}","{""ImportId"":""15_QID2602_TEXT""}","{""ImportId"":""15_QID2603_TEXT""}","{""ImportId"":""15_QID2604_TEXT""}","{""ImportId"":""15_QID2605_TEXT""}","{""ImportId"":""15_QID2606_TEXT""}","{""ImportId"":""15_QID2609""}","{""ImportId"":""16_QID2650_FIRST_CLICK""}","{""ImportId"":""16_QID2650_LAST_CLICK""}","{""ImportId"":""16_QID2650_PAGE_SUBMIT""}","{""ImportId"":""16_QID2650_CLICK_COUNT""}","{""ImportId"":""16_QID2597_TEXT""}","{""ImportId"":""16_QID2598_TEXT""}","{""ImportId"":""16_QID2599_TEXT""}","{""ImportId"":""16_QID2600_TEXT""}","{""ImportId"":""16_QID2601_TEXT""}","{""ImportId"":""16_QID2602_TEXT""}","{""ImportId"":""16_QID2603_TEXT""}","{""ImportId"":""16_QID2604_TEXT""}","{""ImportId"":""16_QID2605_TEXT""}","{""ImportId"":""16_QID2606_TEXT""}","{""ImportId"":""16_QID2609""}","{""ImportId"":""17_QID2650_FIRST_CLICK""}","{""ImportId"":""17_QID2650_LAST_CLICK""}","{""ImportId"":""17_QID2650_PAGE_SUBMIT""}","{""ImportId"":""17_QID2650_CLICK_COUNT""}","{""ImportId"":""17_QID2597_TEXT""}","{""ImportId"":""17_QID2598_TEXT""}","{""ImportId"":""17_QID2599_TEXT""}","{""ImportId"":""17_QID2600_TEXT""}","{""ImportId"":""17_QID2601_TEXT""}","{""ImportId"":""17_QID2602_TEXT""}","{""ImportId"":""17_QID2603_TEXT""}","{""ImportId"":""17_QID2604_TEXT""}","{""ImportId"":""17_QID2605_TEXT""}","{""ImportId"":""17_QID2606_TEXT""}","{""ImportId"":""17_QID2609""}","{""ImportId"":""18_QID2650_FIRST_CLICK""}","{""ImportId"":""18_QID2650_LAST_CLICK""}","{""ImportId"":""18_QID2650_PAGE_SUBMIT""}","{""ImportId"":""18_QID2650_CLICK_COUNT""}","{""ImportId"":""18_QID2597_TEXT""}","{""ImportId"":""18_QID2598_TEXT""}","{""ImportId"":""18_QID2599_TEXT""}","{""ImportId"":""18_QID2600_TEXT""}","{""ImportId"":""18_QID2601_TEXT""}","{""ImportId"":""18_QID2602_TEXT""}","{""ImportId"":""18_QID2603_TEXT""}","{""ImportId"":""18_QID2604_TEXT""}","{""ImportId"":""18_QID2605_TEXT""}","{""ImportId"":""18_QID2606_TEXT""}","{""ImportId"":""18_QID2609""}","{""ImportId"":""19_QID2650_FIRST_CLICK""}","{""ImportId"":""19_QID2650_LAST_CLICK""}","{""ImportId"":""19_QID2650_PAGE_SUBMIT""}","{""ImportId"":""19_QID2650_CLICK_COUNT""}","{""ImportId"":""19_QID2597_TEXT""}","{""ImportId"":""19_QID2598_TEXT""}","{""ImportId"":""19_QID2599_TEXT""}","{""ImportId"":""19_QID2600_TEXT""}","{""ImportId"":""19_QID2601_TEXT""}","{""ImportId"":""19_QID2602_TEXT""}","{""ImportId"":""19_QID2603_TEXT""}","{""ImportId"":""19_QID2604_TEXT""}","{""ImportId"":""19_QID2605_TEXT""}","{""ImportId"":""19_QID2606_TEXT""}","{""ImportId"":""19_QID2609""}","{""ImportId"":""20_QID2650_FIRST_CLICK""}","{""ImportId"":""20_QID2650_LAST_CLICK""}","{""ImportId"":""20_QID2650_PAGE_SUBMIT""}","{""ImportId"":""20_QID2650_CLICK_COUNT""}","{""ImportId"":""20_QID2597_TEXT""}","{""ImportId"":""20_QID2598_TEXT""}","{""ImportId"":""20_QID2599_TEXT""}","{""ImportId"":""20_QID2600_TEXT""}","{""ImportId"":""20_QID2601_TEXT""}","{""ImportId"":""20_QID2602_TEXT""}","{""ImportId"":""20_QID2603_TEXT""}","{""ImportId"":""20_QID2604_TEXT""}","{""ImportId"":""20_QID2605_TEXT""}","{""ImportId"":""20_QID2606_TEXT""}","{""ImportId"":""20_QID2609""}","{""ImportId"":""21_QID2650_FIRST_CLICK""}","{""ImportId"":""21_QID2650_LAST_CLICK""}","{""ImportId"":""21_QID2650_PAGE_SUBMIT""}","{""ImportId"":""21_QID2650_CLICK_COUNT""}","{""ImportId"":""21_QID2597_TEXT""}","{""ImportId"":""21_QID2598_TEXT""}","{""ImportId"":""21_QID2599_TEXT""}","{""ImportId"":""21_QID2600_TEXT""}","{""ImportId"":""21_QID2601_TEXT""}","{""ImportId"":""21_QID2602_TEXT""}","{""ImportId"":""21_QID2603_TEXT""}","{""ImportId"":""21_QID2604_TEXT""}","{""ImportId"":""21_QID2605_TEXT""}","{""ImportId"":""21_QID2606_TEXT""}","{""ImportId"":""21_QID2609""}","{""ImportId"":""22_QID2650_FIRST_CLICK""}","{""ImportId"":""22_QID2650_LAST_CLICK""}","{""ImportId"":""22_QID2650_PAGE_SUBMIT""}","{""ImportId"":""22_QID2650_CLICK_COUNT""}","{""ImportId"":""22_QID2597_TEXT""}","{""ImportId"":""22_QID2598_TEXT""}","{""ImportId"":""22_QID2599_TEXT""}","{""ImportId"":""22_QID2600_TEXT""}","{""ImportId"":""22_QID2601_TEXT""}","{""ImportId"":""22_QID2602_TEXT""}","{""ImportId"":""22_QID2603_TEXT""}","{""ImportId"":""22_QID2604_TEXT""}","{""ImportId"":""22_QID2605_TEXT""}","{""ImportId"":""22_QID2606_TEXT""}","{""ImportId"":""22_QID2609""}","{""ImportId"":""23_QID2650_FIRST_CLICK""}","{""ImportId"":""23_QID2650_LAST_CLICK""}","{""ImportId"":""23_QID2650_PAGE_SUBMIT""}","{""ImportId"":""23_QID2650_CLICK_COUNT""}","{""ImportId"":""23_QID2597_TEXT""}","{""ImportId"":""23_QID2598_TEXT""}","{""ImportId"":""23_QID2599_TEXT""}","{""ImportId"":""23_QID2600_TEXT""}","{""ImportId"":""23_QID2601_TEXT""}","{""ImportId"":""23_QID2602_TEXT""}","{""ImportId"":""23_QID2603_TEXT""}","{""ImportId"":""23_QID2604_TEXT""}","{""ImportId"":""23_QID2605_TEXT""}","{""ImportId"":""23_QID2606_TEXT""}","{""ImportId"":""23_QID2609""}","{""ImportId"":""24_QID2650_FIRST_CLICK""}","{""ImportId"":""24_QID2650_LAST_CLICK""}","{""ImportId"":""24_QID2650_PAGE_SUBMIT""}","{""ImportId"":""24_QID2650_CLICK_COUNT""}","{""ImportId"":""24_QID2597_TEXT""}","{""ImportId"":""24_QID2598_TEXT""}","{""ImportId"":""24_QID2599_TEXT""}","{""ImportId"":""24_QID2600_TEXT""}","{""ImportId"":""24_QID2601_TEXT""}","{""ImportId"":""24_QID2602_TEXT""}","{""ImportId"":""24_QID2603_TEXT""}","{""ImportId"":""24_QID2604_TEXT""}","{""ImportId"":""24_QID2605_TEXT""}","{""ImportId"":""24_QID2606_TEXT""}","{""ImportId"":""24_QID2609""}","{""ImportId"":""25_QID2650_FIRST_CLICK""}","{""ImportId"":""25_QID2650_LAST_CLICK""}","{""ImportId"":""25_QID2650_PAGE_SUBMIT""}","{""ImportId"":""25_QID2650_CLICK_COUNT""}","{""ImportId"":""25_QID2597_TEXT""}","{""ImportId"":""25_QID2598_TEXT""}","{""ImportId"":""25_QID2599_TEXT""}","{""ImportId"":""25_QID2600_TEXT""}","{""ImportId"":""25_QID2601_TEXT""}","{""ImportId"":""25_QID2602_TEXT""}","{""ImportId"":""25_QID2603_TEXT""}","{""ImportId"":""25_QID2604_TEXT""}","{""ImportId"":""25_QID2605_TEXT""}","{""ImportId"":""25_QID2606_TEXT""}","{""ImportId"":""25_QID2609""}","{""ImportId"":""26_QID2650_FIRST_CLICK""}","{""ImportId"":""26_QID2650_LAST_CLICK""}","{""ImportId"":""26_QID2650_PAGE_SUBMIT""}","{""ImportId"":""26_QID2650_CLICK_COUNT""}","{""ImportId"":""26_QID2597_TEXT""}","{""ImportId"":""26_QID2598_TEXT""}","{""ImportId"":""26_QID2599_TEXT""}","{""ImportId"":""26_QID2600_TEXT""}","{""ImportId"":""26_QID2601_TEXT""}","{""ImportId"":""26_QID2602_TEXT""}","{""ImportId"":""26_QID2603_TEXT""}","{""ImportId"":""26_QID2604_TEXT""}","{""ImportId"":""26_QID2605_TEXT""}","{""ImportId"":""26_QID2606_TEXT""}","{""ImportId"":""26_QID2609""}","{""ImportId"":""QID2645""}","{""ImportId"":""QID2646""}","{""ImportId"":""QID2647""}","{""ImportId"":""QID744_FIRST_CLICK""}","{""ImportId"":""QID744_LAST_CLICK""}","{""ImportId"":""QID744_PAGE_SUBMIT""}","{""ImportId"":""QID744_CLICK_COUNT""}","{""ImportId"":""QID746_TEXT""}","{""ImportId"":""QID747_TEXT""}","{""ImportId"":""QID748_TEXT""}","{""ImportId"":""QID749_TEXT""}","{""ImportId"":""QID750_TEXT""}","{""ImportId"":""QID751_TEXT""}","{""ImportId"":""QID752_TEXT""}","{""ImportId"":""QID753_TEXT""}","{""ImportId"":""QID754_TEXT""}","{""ImportId"":""QID755_TEXT""}","{""ImportId"":""QID756_TEXT""}","{""ImportId"":""QID757_TEXT""}","{""ImportId"":""QID758_TEXT""}","{""ImportId"":""QID759_TEXT""}","{""ImportId"":""QID760_TEXT""}","{""ImportId"":""QID761_TEXT""}","{""ImportId"":""QID762_TEXT""}","{""ImportId"":""QID763_TEXT""}","{""ImportId"":""QID764_TEXT""}","{""ImportId"":""QID765_TEXT""}","{""ImportId"":""QID766_TEXT""}","{""ImportId"":""QID767_TEXT""}","{""ImportId"":""QID768_TEXT""}","{""ImportId"":""QID769_TEXT""}","{""ImportId"":""QID770_TEXT""}","{""ImportId"":""QID771_TEXT""}","{""ImportId"":""QID772_TEXT""}","{""ImportId"":""QID773_TEXT""}","{""ImportId"":""QID774_TEXT""}","{""ImportId"":""QID775_TEXT""}","{""ImportId"":""QID776_TEXT""}","{""ImportId"":""QID777_TEXT""}","{""ImportId"":""QID778_TEXT""}","{""ImportId"":""QID779_TEXT""}","{""ImportId"":""QID780_TEXT""}","{""ImportId"":""QID781_TEXT""}","{""ImportId"":""QID782_TEXT""}","{""ImportId"":""QID783_TEXT""}","{""ImportId"":""QID784_TEXT""}","{""ImportId"":""QID785_TEXT""}","{""ImportId"":""QID786_TEXT""}","{""ImportId"":""QID787_TEXT""}","{""ImportId"":""QID788_TEXT""}","{""ImportId"":""QID789_TEXT""}","{""ImportId"":""QID790_TEXT""}","{""ImportId"":""QID791_TEXT""}","{""ImportId"":""QID792_TEXT""}","{""ImportId"":""QID793_TEXT""}","{""ImportId"":""QID794_TEXT""}","{""ImportId"":""QID795_TEXT""}","{""ImportId"":""QID796_TEXT""}","{""ImportId"":""QID797_TEXT""}","{""ImportId"":""QID798_TEXT""}","{""ImportId"":""QID799_TEXT""}","{""ImportId"":""QID800_TEXT""}","{""ImportId"":""QID801_TEXT""}","{""ImportId"":""QID802_TEXT""}","{""ImportId"":""QID803_TEXT""}","{""ImportId"":""QID804_TEXT""}","{""ImportId"":""QID805_TEXT""}","{""ImportId"":""QID806_TEXT""}","{""ImportId"":""QID807_TEXT""}","{""ImportId"":""QID808_TEXT""}","{""ImportId"":""QID809_TEXT""}","{""ImportId"":""QID810_TEXT""}","{""ImportId"":""QID811_TEXT""}","{""ImportId"":""QID812_TEXT""}","{""ImportId"":""QID813_TEXT""}","{""ImportId"":""QID814_TEXT""}","{""ImportId"":""QID815_TEXT""}","{""ImportId"":""QID816_TEXT""}","{""ImportId"":""QID817_TEXT""}","{""ImportId"":""QID818_TEXT""}","{""ImportId"":""QID819_TEXT""}","{""ImportId"":""QID820_TEXT""}","{""ImportId"":""QID821_TEXT""}","{""ImportId"":""QID822_TEXT""}","{""ImportId"":""QID823_TEXT""}","{""ImportId"":""QID824_TEXT""}","{""ImportId"":""QID825_TEXT""}","{""ImportId"":""QID884_TEXT""}","{""ImportId"":""QID885_TEXT""}","{""ImportId"":""QID886_TEXT""}","{""ImportId"":""QID887_TEXT""}","{""ImportId"":""QID888_TEXT""}","{""ImportId"":""QID889_TEXT""}","{""ImportId"":""QID890_TEXT""}","{""ImportId"":""QID891_TEXT""}","{""ImportId"":""QID892_TEXT""}","{""ImportId"":""QID893_TEXT""}","{""ImportId"":""QID894_TEXT""}","{""ImportId"":""QID895_TEXT""}","{""ImportId"":""QID896_TEXT""}","{""ImportId"":""QID897_TEXT""}","{""ImportId"":""QID898_TEXT""}","{""ImportId"":""QID899_TEXT""}","{""ImportId"":""QID900_TEXT""}","{""ImportId"":""QID901_TEXT""}","{""ImportId"":""QID903_TEXT""}","{""ImportId"":""QID902_TEXT""}","{""ImportId"":""QID948_TEXT""}","{""ImportId"":""QID949_TEXT""}","{""ImportId"":""QID950_TEXT""}","{""ImportId"":""QID951_TEXT""}","{""ImportId"":""QID952_TEXT""}","{""ImportId"":""QID953_TEXT""}","{""ImportId"":""QID954_TEXT""}","{""ImportId"":""QID955_TEXT""}","{""ImportId"":""QID956_TEXT""}","{""ImportId"":""QID957_TEXT""}","{""ImportId"":""QID958_TEXT""}","{""ImportId"":""QID959_TEXT""}","{""ImportId"":""QID960_TEXT""}","{""ImportId"":""QID961_TEXT""}","{""ImportId"":""QID962_TEXT""}","{""ImportId"":""QID963_TEXT""}","{""ImportId"":""QID964_TEXT""}","{""ImportId"":""QID965_TEXT""}","{""ImportId"":""QID966_TEXT""}","{""ImportId"":""QID967_TEXT""}","{""ImportId"":""QID1508_TEXT""}","{""ImportId"":""QID1509_TEXT""}","{""ImportId"":""QID1510_TEXT""}","{""ImportId"":""QID1511_TEXT""}","{""ImportId"":""QID1512_TEXT""}","{""ImportId"":""QID1513_TEXT""}","{""ImportId"":""QID1514_TEXT""}","{""ImportId"":""QID1515_TEXT""}","{""ImportId"":""QID1516_TEXT""}","{""ImportId"":""QID1517_TEXT""}","{""ImportId"":""QID1518_TEXT""}","{""ImportId"":""QID1519_TEXT""}","{""ImportId"":""QID1520_TEXT""}","{""ImportId"":""QID1521_TEXT""}","{""ImportId"":""QID1522_TEXT""}","{""ImportId"":""QID1523_TEXT""}","{""ImportId"":""QID1524_TEXT""}","{""ImportId"":""QID1525_TEXT""}","{""ImportId"":""QID1526_TEXT""}","{""ImportId"":""QID1527_TEXT""}","{""ImportId"":""QID1528_TEXT""}","{""ImportId"":""QID1529_TEXT""}","{""ImportId"":""QID1530_TEXT""}","{""ImportId"":""QID1531_TEXT""}","{""ImportId"":""QID1532_TEXT""}","{""ImportId"":""QID1533_TEXT""}","{""ImportId"":""QID1534_TEXT""}","{""ImportId"":""QID1535_TEXT""}","{""ImportId"":""QID1536_TEXT""}","{""ImportId"":""QID1537_TEXT""}","{""ImportId"":""QID1538_TEXT""}","{""ImportId"":""QID1539_TEXT""}","{""ImportId"":""QID1540_TEXT""}","{""ImportId"":""QID1541_TEXT""}","{""ImportId"":""QID1542_TEXT""}","{""ImportId"":""QID1544_TEXT""}","{""ImportId"":""QID1543_TEXT""}","{""ImportId"":""QID1545_TEXT""}","{""ImportId"":""QID1546_TEXT""}","{""ImportId"":""QID1547_TEXT""}","{""ImportId"":""QID1037""}","{""ImportId"":""QID400""}","{""ImportId"":""QID377""}","{""ImportId"":""QID401""}","{""ImportId"":""QID2651""}","{""ImportId"":""QID115""}","{""ImportId"":""QID1548""}","{""ImportId"":""QID13_TEXT""}","{""ImportId"":""QID130""}","{""ImportId"":""QID135_TEXT""}","{""ImportId"":""SC_0OPSJ5lc2RsyFuZ""}","{""ImportId"":""EndLoop""}","{""ImportId"":""id""}","{""ImportId"":""workerId""}","{""ImportId"":""assignmentId""}","{""ImportId"":""hitId""}","{""ImportId"":""Gender""}","{""ImportId"":""Condition""}","{""ImportId"":""hideButtons""}","{""ImportId"":""taskscore""}"
2022-01-26 13:01:02,2022-01-26 13:09:53,Survey Preview,100,531,True,2022-01-26 13:09:56,R_2EytGwPwKnRaPns,preview,EN,1,,0,25,,No,Man,,Yes,United States of America,,,48,,,Yes,,,,,,,,,,,,,,,Yes,,,,,,,,,,,,,,,Yes,,,,,,,,,,,,,,,Yes,,,,,,,,,,,,,,,No,,,,,,,,,,,,,,,,,,,,,,,,,,,,,,,,,,,,,,,,,,,,,,,,,,,,,,,,,,,,,,,,,,,,,,,,,,,,,,,,,,,,,,,,,,,,,,,,,,,,,,,,,,,,,,,,,,,,,,,,,,,,,,,,,,,,,,,,,,,,,,,,,,,,,,,,,,,,,,,,,,,,,,,,,,,,,,,,,,,,,,,,,,,,,,,,,,,,,,,,,,,,,,,,,,,,,,,,,,,,,,,,,,,,,,,,,,,,,,,,,,,,,,,,,,,,,,,,,,,,,,,,,,,,,,,,,,,,,,,,,,,,,,,,,,,,,,,,,,,,,,,,,,,,,,,,,,,,,,,,,,,,,,,,,,,,,,21.656,76.712,120.052,6,,,,,,,,,,,,,,,,,,,,,,,,,,,,,,,,,,,,,,,,,,,,,,,,,,,,,,,,,,,,,,,,,,,,,,,,,,,,,,,,,,,,,,,,,,,,,,,,,,,,,,,,,,,,,,,,,,,,,,,,,,,,,,,,,,,,,,,,,,,,,,,,,,,,,,,,,,,,,,,,,Better than all other participants,Women were more likely to practice/study than men,Men correctly solved more multiplication problems than women,Men would choose tournament more often than piece rate,,8,Women prepare more than men,28,"Professional school degree (MD, DDC, JD, etc)",,0,2,,,,,0,0,0,0
2022-01-27 09:07:28,2022-01-27 09:24:14,Survey Preview,100,1005,True,2022-01-27 09:24:15,R_28XQ47EvqnN01pa,preview,EN,0.89999997615814208984375,true,100,25,2022-01-27 16:05:30,No,Woman,,Yes,United States of America,,,48,,,Yes,,,,,45,16,42,48,15,56,4,24,5,9,Yes,,,,,,,,64,18,,,,,,No,,,,,,,,,,,,,,,,,,,,,,,,,,,,,,,,,,,,,,,,,,,,,,,,,,,,,,,,,,,,,,,,,,,,,,,,,,,,,,,,,,,,,,,,,,,,,,,,,,,,,,,,,,,,,,,,,,,,,,,,,,,,,,,,,,,,,,,,,,,,,,,,,,,,,,,,,,,,,,,,,,,,,,,,,,,,,,,,,,,,,,,,,,,,,,,,,,,,,,,,,,,,,,,,,,,,,,,,,,,,,,,,,,,,,,,,,,,,,,,,,,,,,,,,,,,,,,,,,,,,,,,,,,,,,,,,,,,,,,,,,,,,,,,,,,,,,,,,,,,,,,,,,,,,,,,,,,,,,,,,,,,,,,,,,,,,,,,,,,,,,,,,,,,,,,,,,,,,,,,,,,,,0,0,123.324,0,,,,,,,,,,,,,,,,,,,,,,,,,,,,,,,,,,,,,,,,,,,,,,,,,,,,,,,,,,,,,,,,,,,,,,,,,,,,,,,,,,,,,,,,,,,,,,,,,,,,,,,,,,,,,,,,,,,,,,,,,,,,,,,,,,,,,,,,,,,,,,,,,,,,,,,,,,,,,,,,,Better than all other participants,Women were more likely to practice/study than men,Men correctly solved more multiplication problems than women,Men would choose tournament more often than piece rate,,9,Men prepare more than women,25,"Doctorate degree (PhD, EdD, etc)",,0,2,,,,,1,1,0,0
2022-02-07 11:23:22,2022-02-07 11:30:04,Survey Preview,100,401,True,2022-02-07 11:30:05,R_1dt8DDxpuScYKFa,preview,EN,1,true,100,25,2022-01-27 16:07:36,No,Man,,Yes,United States of America,,,48,,,Yes,,,,,,,,,,,,,,,Yes,,,,,,,,,,,,,,,Yes,,,,,,,,,,,,,,,Yes,,,,,,,,,,,,,,,No,,,,,,,,,,,,,,,,,,,,,,,,,,,,,,,,,,,,,,,,,,,,,,,,,,,,,,,,,,,,,,,,,,,,,,,,,,,,,,,,,,,,,,,,,,,,,,,,,,,,,,,,,,,,,,,,,,,,,,,,,,,,,,,,,,,,,,,,,,,,,,,,,,,,,,,,,,,,,,,,,,,,,,,,,,,,,,,,,,,,,,,,,,,,,,,,,,,,,,,,,,,,,,,,,,,,,,,,,,,,,,,,,,,,,,,,,,,,,,,,,,,,,,,,,,,,,,,,,,,,,,,,,,,,,,,,,,,,,,,,,,,,,,,,,,,,,,,,,,,,,,,,,,,,,,,,,,,,,,,,,,,,,,,,,,,,,,1.296,69.781,121.994,5,,,,,,,,,,,,,,,,,,,,,,,,,,,,,,,,,,,,,,,,,,,,,,,,,,,,,,,,,,,,,,,,,,,,,,,,,,,,,,,,,,,,,,,,,,,,,,,,,,,,,,,,,,,,,,,,,,,,,,,,,,,,,,,,,,,,,,,,,,,,,,,,,,,,,,,,,,,,,,,,,Better than 80% of participants,Men were more likely to practice/study than women,Women correctly solved more multiplication problems than men,Men would choose tournament more often than piece rate,,10(Very willing to take risks),Women prepare more than men,23,"Some college (1-4 years, no degree)",,0,2,,,,,0,1,0,0
2022-02-08 14:07:07,2022-02-08 14:13:33,Survey Preview,100,385,True,2022-02-08 14:13:34,R_2txmiXENJsoPsjy,preview,EN,1,true,100,25,2022-02-08 21:05:49,No,Man,,Yes,United States of America,,,48,,,Yes,,,,,87271117,87271117,87271117,87271117,87271117,87271117,87271117,87271117,87271117,87271117,Yes,,,,,,,,,,,,,,,Yes,,,,,,,,,,,,,,,No,,,,,,,,,,,,,,,,,,,,,,,,,,,,,,,,,,,,,,,,,,,,,,,,,,,,,,,,,,,,,,,,,,,,,,,,,,,,,,,,,,,,,,,,,,,,,,,,,,,,,,,,,,,,,,,,,,,,,,,,,,,,,,,,,,,,,,,,,,,,,,,,,,,,,,,,,,,,,,,,,,,,,,,,,,,,,,,,,,,,,,,,,,,,,,,,,,,,,,,,,,,,,,,,,,,,,,,,,,,,,,,,,,,,,,,,,,,,,,,,,,,,,,,,,,,,,,,,,,,,,,,,,,,,,,,,,,,,,,,,,,,,,,,,,,,,,,,,,,,,,,,,,,,,,,,,,,,,,,,,,,,,,,,,,,,,,,,,,,,,,,,,,,,,,0,0,121.943,0,,,,,,,,,,,,,,,,,,,,,,,,,,,,,,,,,,,,,,,,,,,,,,,,,,,,,,,,,,,,,,,,,,,,,,,,,,,,,,,,,,,,,,,,,,,,,,,,,,,,,,,,,,,,,,,,,,,,,,,,,,,,,,,,,,,,,,,,,,,,,,,,,,,,,,,,,,,,,,,,,Better than all other participants,Women were more likely to practice/study than men,Women correctly solved more multiplication problems than men,Men would choose tournament more often than piece rate,,7,Women prepare more than men,23,"Some college (1-4 years, no degree)",,0,2,,,,,0,1,0,0
2022-02-15 12:44:09,2022-02-15 12:51:58,Survey Preview,100,469,True,2022-02-15 12:52:00,R_2sZKsxsVbxKmSSw,preview,EN,1,,0,0,,No,Woman,,Yes,United States of America,,,48,,,Yes,,,,,45,16,35,,,,,,,,No,,,,,,,,,,,,,,,,,,,,,,,,,,,,,,,,,,,,,,,,,,,,,,,,,,,,,,,,,,,,,,,,,,,,,,,,,,,,,,,,,,,,,,,,,,,,,,,,,,,,,,,,,,,,,,,,,,,,,,,,,,,,,,,,,,,,,,,,,,,,,,,,,,,,,,,,,,,,,,,,,,,,,,,,,,,,,,,,,,,,,,,,,,,,,,,,,,,,,,,,,,,,,,,,,,,,,,,,,,,,,,,,,,,,,,,,,,,,,,,,,,,,,,,,,,,,,,,,,,,,,,,,,,,,,,,,,,,,,,,,,,,,,,,,,,,,,,,,,,,,,,,,,,,,,,,,,,,,,,,,,,,,,,,,,,,,,,,,,,,,,,,,,,,,,,,,,,,,,,,,,,,,,,,,,,,,,,,,,,,3.343,28.689,30.016,14,,,,,,,,,,,,,,,,,,,,,,12,,,,,,20,,,,,,,,,,,,,,,,,,40,,,,,,,,,,,,,,,,,,,4,,8,,,,,,,,,33,,,,10,,,,,,,,,,,,,,,,,,,,,,,,,,,,,,,,,,,,,,,,,,6,,,,,,,,,21,,,,,,,,,,,6,,,,,,,,,,,,,,,,,,,Better than 70% of participants,Women were more likely to practice/study than men,There was no difference in how many multiplication problems men and women correctly solved,4,,5,There is no difference in how much men and women prepare,40,"Doctorate degree (PhD, EdD, etc)",test,10,2,,,,,1,0,0,10
2022-02-16 21:38:44,2022-02-16 21:49:58,Survey Preview,100,674,True,2022-02-16 21:50:00,R_331pwJsIo94XNu8,preview,EN,1,true,100,25,2022-02-17 02:34:11,No,Woman,,Yes,United States of America,,,48,,,Yes,,,,,,,,,,,,,,,Yes,,,,,,,,,,,,,,,Yes,,,,,,,,,,,,,,,No,,,,,,,,,,,,,,,,,,,,,,,,,,,,,,,,,,,,,,,,,,,,,,,,,,,,,,,,,,,,,,,,,,,,,,,,,,,,,,,,,,,,,,,,,,,,,,,,,,,,,,,,,,,,,,,,,,,,,,,,,,,,,,,,,,,,,,,,,,,,,,,,,,,,,,,,,,,,,,,,,,,,,,,,,,,,,,,,,,,,,,,,,,,,,,,,,,,,,,,,,,,,,,,,,,,,,,,,,,,,,,,,,,,,,,,,,,,,,,,,,,,,,,,,,,,,,,,,,,,,,,,,,,,,,,,,,,,,,,,,,,,,,,,,,,,,,,,,,,,,,,,,,,,,,,,,,,,,,,,,,,,,,,,,,,,,,,,,,,,,,,,,,,More than none of the participants in the study,More than none of the men in the study,More than none of the women in the study,1.44,2.43,31.707,3,,,,,,,,,,,,,,,,,,,,,,,,,,,,,,,,,,,,,,,,,,,,,,,,,,,,,,,,,,,,,,,,,,,,,,,,,,,,,,,,,,,,,,,,,,,,,,,,,,,,,,,,,,,,,,,,,,,,,,,,,,,,,,,,,,,,,,,,,,,,,,,,,,,,,,,,,,,,,,,,,Better than 10% of participants,Women were more likely to practice/study than men,There was no difference in how many multiplication problems men and women correctly solved,4,,7,Women prepare more than men,25,"Some college (1-4 years, no degree)",,0,2,,,,,1,0,0,0
2022-02-25 06:19:07,2022-02-25 06:19:32,Survey Preview,100,25,True,2022-02-25 06:19:34,R_10oUR10shQ0Caf6,preview,EN,1,true,100,0,2022-02-15 19:44:16,No,Prefer not to say,,Yes,United States of America,,,,,,,,,,,,,,,,,,,,,,,,,,,,,,,,,,,,,,,,,,,,,,,,,,,,,,,,,,,,,,,,,,,,,,,,,,,,,,,,,,,,,,,,,,,,,,,,,,,,,,,,,,,,,,,,,,,,,,,,,,,,,,,,,,,,,,,,,,,,,,,,,,,,,,,,,,,,,,,,,,,,,,,,,,,,,,,,,,,,,,,,,,,,,,,,,,,,,,,,,,,,,,,,,,,,,,,,,,,,,,,,,,,,,,,,,,,,,,,,,,,,,,,,,,,,,,,,,,,,,,,,,,,,,,,,,,,,,,,,,,,,,,,,,,,,,,,,,,,,,,,,,,,,,,,,,,,,,,,,,,,,,,,,,,,,,,,,,,,,,,,,,,,,,,,,,,,,,,,,,,,,,,,,,,,,,,,,,,,,,,,,,,,,,,,,,,,,,,,,,,,,,,,,,,,,,,,,,,,,,,,,,,,,,,,,,,,,,,,,,,,,,,,,,,,,,,,,,,,,,,,,,,,,,,,,,,,,,,,,,,,,,,,,,,,,,,,,,,,,,,,,,,,,,,,,,,,,,,,,,,,,,,,,,,,,,,,,,,,,,,,,,,,,,,,,,,,,,,,,,,,,,,,,,,,,,,0,1,,,,,,,,
2022-02-25 06:19:40,2022-02-25 06:28:03,Survey Preview,100,503,True,2022-02-25 06:28:04,R_eVBEOeYIsdjMgO5,preview,EN,0.89999997615814208984375,true,100,0,2022-02-25 13:19:22,No,Woman,,Yes,United States of America,,,48,,,Yes,,,,,45,55,55,,,,,,,,Yes,,,,,55,55,55,,,,,,,,No,,,,,,,,,,,,,,,,,,,,,,,,,,,,,,,,,,,,,,,,,,,,,,,,,,,,,,,,,,,,,,,,,,,,,,,,,,,,,,,,,,,,,,,,,,,,,,,,,,,,,,,,,,,,,,,,,,,,,,,,,,,,,,,,,,,,,,,,,,,,,,,,,,,,,,,,,,,,,,,,,,,,,,,,,,,,,,,,,,,,,,,,,,,,,,,,,,,,,,,,,,,,,,,,,,,,,,,,,,,,,,,,,,,,,,,,,,,,,,,,,,,,,,,,,,,,,,,,,,,,,,,,,,,,,,,,,,,,,,,,,,,,,,,,,,,,,,,,,,,,,,,,,,,,,,,,,,,,,,,,,,,,,,,,,,,,,,,,,,,,,,,,,,,,,,,,,,,,,,,,,More than 20% of the participants in the study,More than 80% of the men in the study,More than 50% of the women in the study,1.819,29.489,30.016,14,,,,9,9,,,,,,,,,,,,,,,,,,,,,,22,,,,,,,,,,,,,,,,,33,,,,,,,,,,,,,7,,,,,,,,,,,,,,,,,,,,,,,,,,,,,,,,,,,,,,,,,80,22,,,,,,,,,,,,,,,,,,,,,,,6,,,14,,,,,,,,,,,27,,33,,,,,,,,3,,,,,,,,,44,,,,,,Better than 50% of participants,Women were more likely to practice/study than men,There was no difference in how many multiplication problems men and women correctly solved,4,,6,There is no difference in how much men and women prepare,22,No formal education,,12,2,,,,,1,1,0,12
2022-03-02 14:07:47,2022-03-02 14:12:14,Survey Preview,100,266,True,2022-03-02 14:12:16,R_1pF4pYymw0zo1o4,preview,EN,1,true,100,25,2022-03-02 21:02:40,No,Woman,,Yes,United States of America,,,48,,,Yes,8.644,8.644,8.693,1,,,,,,,,,,,Yes,1.711,1.711,1.763,1,,,,,,,,,,,Yes,1.507,1.507,1.543,1,,,,,,,,,,,Yes,1.629,1.629,1.676,1,,,,,,,,,,,No,,,,,,,,,,,,,,,,,,,,,,,,,,,,,,,,,,,,,,,,,,,,,,,,,,,,,,,,,,,,,,,,,,,,,,,,,,,,,,,,,,,,,,,,,,,,,,,,,,,,,,,,,,,,,,,,,,,,,,,,,,,,,,,,,,,,,,,,,,,,,,,,,,,,,,,,,,,,,,,,,,,,,,,,,,,,,,,,,,,,,,,,,,,,,,,,,,,,,,,,,,,,,,,,,,,,,,,,,,,,,,,,,,,,,,,,,,,,,,,,,,,,,,,,,,,,,,,,,,,,,,,,,,,,,,,,,,,,,,,,,,,,,,,,,,,,,,,,,,,,,,,,,,,,,,,,,,,,,,,,,,,,,,,,,,,More than 90% of the participants in the study,More than 50% of the men in the study,More than 20% of the women in the study,0,0,30.145,0,,,,,,,,,,,,,,,,,,,,,,,,,,,,,,,,,,,,,,,,,,,,,,,,,,,,,,,,,,,,,,,,,,,,,,,,,,,,,,,,,,,,,,,,,,,,,,,,,,,,,,,,,,,,,,,,,,,,,,,,,,,,,,,,,,,,,,,,,,,,,,,,,,,,,,,,,,,,,,,,,Better than 50% of participants,Women were more likely to practice/study than men,Women correctly solved more multiplication problems than men,Men would choose tournament more often than piece rate,,7,Women prepare more than men,43,"Professional school degree (MD, DDC, JD, etc)",,0,2,,,,,1,0,0,0
2022-03-02 14:19:29,2022-03-02 14:20:26,Survey Preview,100,56,True,2022-03-02 14:20:26,R_bx75k45KMxgAPN7,preview,EN,0.800000011920928955078125,,0,10,,Yes,,,,,,,,,,,,,,,,,,,,,,,,,,,,,,,,,,,,,,,,,,,,,,,,,,,,,,,,,,,,,,,,,,,,,,,,,,,,,,,,,,,,,,,,,,,,,,,,,,,,,,,,,,,,,,,,,,,,,,,,,,,,,,,,,,,,,,,,,,,,,,,,,,,,,,,,,,,,,,,,,,,,,,,,,,,,,,,,,,,,,,,,,,,,,,,,,,,,,,,,,,,,,,,,,,,,,,,,,,,,,,,,,,,,,,,,,,,,,,,,,,,,,,,,,,,,,,,,,,,,,,,,,,,,,,,,,,,,,,,,,,,,,,,,,,,,,,,,,,,,,,,,,,,,,,,,,,,,,,,,,,,,,,,,,,,,,,,,,,,,,,,,,,,,,,,,,,,,,,,,,,,,,,,,,,,,,,,,,,,,,,,,,,,,,,,,,,,,,,,,,,,,,,,,,,,,,,,,,,,,,,,,,,,,,,,,,,,,,,,,,,,,,,,,,,,,,,,,,,,,,,,,,,,,,,,,,,,,,,,,,,,,,,,,,,,,,,,,,,,,,,,,,,,,,,,,,,,,,,,,,,,,,,,,,,,,,,,,,,,,,,,,,,,,,,,,,,,,,,,,,,,,,,,,,,,,,,,,,,0,1,,,,,,,,
2022-03-02 16:03:07,2022-03-02 16:03:58,Survey Preview,100,51,True,2022-03-02 16:04:00,R_8cQ2oKrTFF7YyE9,preview,EN,0.800000011920928955078125,true,100,10,2022-03-02 21:20:26,No,Woman,,Yes,Other (please specify):,South Korea,,,,,,,,,,,,,,,,,,,,,,,,,,,,,,,,,,,,,,,,,,,,,,,,,,,,,,,,,,,,,,,,,,,,,,,,,,,,,,,,,,,,,,,,,,,,,,,,,,,,,,,,,,,,,,,,,,,,,,,,,,,,,,,,,,,,,,,,,,,,,,,,,,,,,,,,,,,,,,,,,,,,,,,,,,,,,,,,,,,,,,,,,,,,,,,,,,,,,,,,,,,,,,,,,,,,,,,,,,,,,,,,,,,,,,,,,,,,,,,,,,,,,,,,,,,,,,,,,,,,,,,,,,,,,,,,,,,,,,,,,,,,,,,,,,,,,,,,,,,,,,,,,,,,,,,,,,,,,,,,,,,,,,,,,,,,,,,,,,,,,,,,,,,,,,,,,,,,,,,,,,,,,,,,,,,,,,,,,,,,,,,,,,,,,,,,,,,,,,,,,,,,,,,,,,,,,,,,,,,,,,,,,,,,,,,,,,,,,,,,,,,,,,,,,,,,,,,,,,,,,,,,,,,,,,,,,,,,,,,,,,,,,,,,,,,,,,,,,,,,,,,,,,,,,,,,,,,,,,,,,,,,,,,,,,,,,,,,,,,,,,,,,,,,,,,,,,,,,,,,,,,,,,,,,,,,,0,1,,,,,,,,
2022-03-04 07:30:02,2022-03-04 07:35:19,Survey Preview,100,317,True,2022-03-04 07:35:21,R_2DM3uYe90qEQ84E,preview,EN,0.89999997615814208984375,,0,0,,No,Woman,,Yes,United States of America,,32,48,,,No,,,,,,,,,,,,,,,,,,,,,,,,,,,,,,,,,,,,,,,,,,,,,,,,,,,,,,,,,,,,,,,,,,,,,,,,,,,,,,,,,,,,,,,,,,,,,,,,,,,,,,,,,,,,,,,,,,,,,,,,,,,,,,,,,,,,,,,,,,,,,,,,,,,,,,,,,,,,,,,,,,,,,,,,,,,,,,,,,,,,,,,,,,,,,,,,,,,,,,,,,,,,,,,,,,,,,,,,,,,,,,,,,,,,,,,,,,,,,,,,,,,,,,,,,,,,,,,,,,,,,,,,,,,,,,,,,,,,,,,,,,,,,,,,,,,,,,,,,,,,,,,,,,,,,,,,,,,,,,,,,,,,,,,,,,,,,,,,,,,,,,,,,,,,,,,,,,,,,,,,,,,,,,,,,,,,,,,,,,,,,,,,,,,,,,,More than none of the participants in the study,More than none of the men in the study,More than none of the women in the study,1.046,29.294,30.01,9,,,,,,,,,,20,,,,,,,,,32,,,,,,,,,,,,,,,77,,,,,,,10,,,33,,,,,,,,,,,,,,,,,,,,,,,,,,,,,,,,,,,,,,,,,,,,,,,,,,,,,,,,,,,,,35,96,,,,,,,,,,5,,,,,,,,,,,,,,,,,,,,,,,,,,,,,,,,24,,,,,,,,,,,,,Better than 30% of participants,Women were more likely to practice/study than men,There was no difference in how many multiplication problems men and women correctly solved,Men would choose tournament more often than piece rate,,3,Women prepare more than men,35,"Doctorate degree (PhD, EdD, etc)",xx,9,1,,,,,1,1,,9
2022-03-07 06:26:48,2022-03-07 06:36:24,Survey Preview,100,575,True,2022-03-07 06:36:28,R_20ZirixtfcziYtH,preview,EN,1,true,100,10,2022-03-02 23:08:19,No,Woman,,Yes,United States of America,,32,48,,,Yes,11.894,26.078,26.09,5,45,16,42,48,,,,,,,No,,,,,,,,,,,,,,,,,,,,,,,,,,,,,,,,,,,,,,,,,,,,,,,,,,,,,,,,,,,,,,,,,,,,,,,,,,,,,,,,,,,,,,,,,,,,,,,,,,,,,,,,,,,,,,,,,,,,,,,,,,,,,,,,,,,,,,,,,,,,,,,,,,,,,,,,,,,,,,,,,,,,,,,,,,,,,,,,,,,,,,,,,,,,,,,,,,,,,,,,,,,,,,,,,,,,,,,,,,,,,,,,,,,,,,,,,,,,,,,,,,,,,,,,,,,,,,,,,,,,,,,,,,,,,,,,,,,,,,,,,,,,,,,,,,,,,,,,,,,,,,,,,,,,,,,,,,,,,,,,,,,,,,,,,,,,,,,,,,,,,,,,,,,,,,,,,,,,,,,,,,,,,,,,,,,,,,,,More than 90% of the participants in the study,More than 90% of the men in the study,More than 80% of the women in the study,2.563,28.962,30.011,21,,,,9,,,,,,,,,,,,,,,,,,,,,,,,,6,,,,,77,,,,,,,,,,,,,,,,42,,,,9,,72,,,,99,,,77,,,,,,,,,,,,,,,,,,,,,11,,,,,,,,,,,,,,,,,,,,,,,50,,,,,,11,,,,4,,60,,,,,,,,,,,,,10,,,,,,,24,24,,,,,,,,,,12,,11,10,,,64,32,,,,Better than 90% of participants,Women were more likely to practice/study than men,Women correctly solved more multiplication problems than men,Men would choose tournament more often than piece rate,,4,Women prepare more than men,29,"Master's degree (MA, MS, MENG, MSW, etc)",,21,2,,,,,1,0,0,21
2022-03-07 10:44:43,2022-03-07 10:45:04,Survey Preview,100,21,True,2022-03-07 10:45:06,R_9WBEWsa9Elvcnvz,preview,EN,1,,0,0,,No,Man,,Yes,Other (please specify):,India,,,,,,,,,,,,,,,,,,,,,,,,,,,,,,,,,,,,,,,,,,,,,,,,,,,,,,,,,,,,,,,,,,,,,,,,,,,,,,,,,,,,,,,,,,,,,,,,,,,,,,,,,,,,,,,,,,,,,,,,,,,,,,,,,,,,,,,,,,,,,,,,,,,,,,,,,,,,,,,,,,,,,,,,,,,,,,,,,,,,,,,,,,,,,,,,,,,,,,,,,,,,,,,,,,,,,,,,,,,,,,,,,,,,,,,,,,,,,,,,,,,,,,,,,,,,,,,,,,,,,,,,,,,,,,,,,,,,,,,,,,,,,,,,,,,,,,,,,,,,,,,,,,,,,,,,,,,,,,,,,,,,,,,,,,,,,,,,,,,,,,,,,,,,,,,,,,,,,,,,,,,,,,,,,,,,,,,,,,,,,,,,,,,,,,,,,,,,,,,,,,,,,,,,,,,,,,,,,,,,,,,,,,,,,,,,,,,,,,,,,,,,,,,,,,,,,,,,,,,,,,,,,,,,,,,,,,,,,,,,,,,,,,,,,,,,,,,,,,,,,,,,,,,,,,,,,,,,,,,,,,,,,,,,,,,,,,,,,,,,,,,,,,,,,,,,,,,,,,,,,,,,,,,,,,,,,0,1,,,,,,,,
2022-03-07 10:45:14,2022-03-07 10:52:36,Survey Preview,100,441,True,2022-03-07 10:52:38,R_DkFyiviDLFox2IF,preview,EN,0.89999997615814208984375,true,100,0,2022-03-07 17:44:49,No,Man,,Yes,United States of America,,32,48,,,No,,,,,,,,,,,,,,,,,,,,,,,,,,,,,,,,,,,,,,,,,,,,,,,,,,,,,,,,,,,,,,,,,,,,,,,,,,,,,,,,,,,,,,,,,,,,,,,,,,,,,,,,,,,,,,,,,,,,,,,,,,,,,,,,,,,,,,,,,,,,,,,,,,,,,,,,,,,,,,,,,,,,,,,,,,,,,,,,,,,,,,,,,,,,,,,,,,,,,,,,,,,,,,,,,,,,,,,,,,,,,,,,,,,,,,,,,,,,,,,,,,,,,,,,,,,,,,,,,,,,,,,,,,,,,,,,,,,,,,,,,,,,,,,,,,,,,,,,,,,,,,,,,,,,,,,,,,,,,,,,,,,,,,,,,,,,,,,,,,,,,,,,,,,,,,,,,,,,,,,,,,,,,,,,,,,,,,,,,,,,,,,,,,,,,,,More than 20% of the participants in the study,More than 30% of the men in the study,More than 10% of the women in the study,4.196,28.203,30.014,13,,,,,,,,,,,,,,,,,30,,,,,,,,15,,,,,,,,22,77,,,,,,,,,,,,,,,,,,,,,,,,,,,,,,9,,,,,,,,,,,,,,,,,,14,,,,,,,,,99,,,,,,,,,,,132,,,,,,,,,,,,,24,,,4,60,,,,,,,,,,,,,,,,,,,,,,,,,,,,,,,12,,,,,,,,,,,Better than 30% of participants,There was no difference in how likely men and women were to practice/study,There was no difference in how many multiplication problems men and women correctly solved,4,,7,There is no difference in how much men and women prepare,27,"Master's degree (MA, MS, MENG, MSW, etc)",,12,1,,,,,0,1,,12
